{
  "youtube": "https://www.youtube.com/channel/UClAKzLRk_CcoIGDiGYWTZlA",
  "facebook": "https://www.facebook.com/www.casaedesigner.com.br",
  "phone": "(21) 99445-1835",
  "doc_number": "",
  "whatsapp": "(21)99445-1835",
  "instagram": "https://www.instagram.com/casa.e.designer/",
  "twitter": "https://twitter.com/acasaedesigner",
  "address": "Loja Online: Rua Antônio Alves Barbosa, nº 08 Bairro: Colubande Município de São Gonçalo Estado do Rio de Janeiro Brasil Cep: 24.451670.",
  "tiktok": "https://www.tiktok.com/@casaedesigner",
  "pinterest": "https://br.pinterest.com/casaedesigner/_saved/",
  "email": "contato@casaedesigner.com.br",
  "linkedin": "https://www.linkedin.com/in/magazineacasaedesigner/"
}