{
  "meta_title": "",
  "meta_description": "",
  "sections": [
    {
      "type": "banner-slider",
      "autoplay": 9000,
      "full_width": true,
      "slides": [
        {
          "img": "/img/uploads/27812-slide-1638389286784-8108595832-a7ad1977e5b639b678160385a79e8af51638389316-1024-1024.png",
          "link": "",
          "alt": "",
          "start": "",
          "end": "",
          "mobile_img": ""
        },
        {
          "start": "",
          "end": "",
          "img": "/img/uploads/27812-slide-1638389286783-1477734058-bfe305515e2ec89e11f2b1ad630154511638389315-1024-1024.png"
        }
      ]
    },
    {
      "type": "info-bar",
      "enabled": true
    },
    {
      "type": "collection-shelf",
      "shuffle": true,
      "collection_id": null,
      "sort": "sales",
      "title": "Mais Vendidos",
      "headless": false,
      "limit": 12,
      "page": 1
    },
    {
      "type": "banners-grid",
      "banners": [
        {
          "img": "/img/uploads/27812-ba-1-.jpg"
        },
        {
          "img": "/img/uploads/27812-95de9eff5bf69f15418d72dbd919ea2f.jpg"
        },
        {
          "img": "/img/uploads/27812-41c0a0f6931db0f2bd50cd689484bc92.jpg"
        }
      ]
    },
    {
      "type": "banners-grid",
      "banners": [
        {
          "img": "/img/uploads/27812-8d98ece9c98173d0e2f34c976a2f80e7-1-.jpg"
        },
        {
          "img": "/img/uploads/27812-229969-7.jpg"
        },
        {
          "img": "/img/uploads/27812-179019f9648e8157291ccde521a8f208.jpg"
        }
      ]
    },
    {
      "type": "collection-shelf",
      "shuffle": false,
      "limit": 12,
      "page": 1,
      "sort": "offers",
      "title": "Promoção"
    },
    {
      "type": "responsive-banner",
      "img": "/img/uploads/frame-77.png"
    },
    {
      "type": "dynamic-showcase",
      "load_more": true,
      "sort": "views"
    }
  ]
}